{
  "Workflows": [
    {
      "Path": null,
      "SortBy": 0,
      "VariablesSectionElementsOrder": [],
      "ArgumentsSectionElementsOrder": null,
      "ConstantsSectionElementsOrder": [],
      "AddedNamespaces": null
    },
    {
      "Path": "Agency.xaml",
      "SortBy": 0,
      "VariablesSectionElementsOrder": [
        "DataPath&Sequence_7",
        "LogString_OUT&Sequence_7",
        "LastSavedFileName&Sequence_7",
        "Count&Sequence_7",
        "LogString_IN&Sequence_7",
        "CollectInputExcelFile&Sequence_7",
        "PdfFileCounter&Sequence_7",
        "PdfPageCounter&Sequence_7",
        "CompanyCheck&Sequence_7",
        "FormatChecker&Sequence_7",
        "NoFormat&Sequence_7",
        "InputString&Sequence_7",
        "textPdfFileName&Sequence_7",
        "SourceFileName&Sequence_7",
        "CompanyString&Sequence_7",
        "String159&Sequence_7",
        "PdfPageCount&Sequence_7",
        "ProcessCounter&Sequence_7",
        "CompanyStringMain&Sequence_7",
        "CurrentFile&Sequence_7",
        "DocumentSource&Sequence_7",
        "item&Sequence_7",
        "PdfFileCounterADGLOBAL&Sequence_7",
        "PdfFileCounterAmazon&Sequence_7",
        "PdfFileCounterFIORA&Sequence_7",
        "PdfFileCounterMAX&Sequence_7",
        "PdfFileCounterMORE&Sequence_7",
        "PdfFileCounterMetro&Sequence_7",
        "PdfFileCounterSpencer&Sequence_7",
        "AgencyExcelFileCounter&Sequence_7",
        "PdfFileCounterTrent&Sequence_7",
        "NoFormatFileCounterMain&Sequence_7",
        "NoFormatFileCounter&Sequence_7",
        "ProcessStringArrayList&Sequence_7",
        "ProcessStringArray&Sequence_7",
        "TempName&Sequence_7",
        "FileName&Sequence_7",
        "srtOutput&Sequence_7",
        "DT_Reco&Sequence_7",
        "DT_Returns_V&Sequence_7",
        "DT_Payment_T&Sequence_7",
        "TotalPdfPages&Sequence_7",
        "PdfPageCounterAvenueSupermartPayment&Sequence_7",
        "DN_Process_Time&Sequence_7",
        "PdfFileName&Sequence_7",
        "DtString&Sequence_7",
        "TotalPdfFiles&Sequence_7",
        "DT_Payment_V&Sequence_7",
        "DT_Invoice_T&Sequence_7",
        "Amount&Sequence_7",
        "UtrNo&Sequence_7",
        "ColumnIndex2&Sequence_7",
        "ColumnIndex1&Sequence_7",
        "RowIndex1&Sequence_7",
        "ColumnABCD&Sequence_7",
        "ColumnABCDE&Sequence_7",
        "RowValue&Sequence_7",
        "ColumnValue&Sequence_7",
        "DataRowSet1&Sequence_7",
        "DataRowSet2&Sequence_7",
        "RowIndex2&Sequence_7",
        "RowIndex3&Sequence_7",
        "DTT2&Sequence_7",
        "DTT3&Sequence_7",
        "DTT4&Sequence_7",
        "DataRowSet3&Sequence_7",
        "DTT5&Sequence_7",
        "DTT6&Sequence_7",
        "DTT7&Sequence_7",
        "DT_UtrNo&Sequence_7",
        "DT_Invoice_V&Sequence_7",
        "DTT111&Sequence_7",
        "DTT12&Sequence_7",
        "StringBoolean1&Sequence_7",
        "RowIndex4&Sequence_7",
        "DataRowSet4&Sequence_7",
        "DTT8&Sequence_7",
        "DTT13&Sequence_7",
        "DTT9&Sequence_7",
        "DTT10&Sequence_7",
        "DataRowSet5&Sequence_7",
        "DTT31&Sequence_7",
        "DtValue1&Sequence_7",
        "DtValue2&Sequence_7",
        "DataRowSet6&Sequence_7",
        "PdfFileCounterReliancePaymentAdvice&Sequence_7",
        "DataRowSet0&Sequence_7",
        "InputExcelPath&Sequence_7",
        "ExcelFileName&Sequence_7",
        "CollectExcelFile&Sequence_7",
        "CollectOutputExcelFile&Sequence_7",
        "DataRowSet7&Sequence_7",
        "HighRowValue&Sequence_7",
        "PdfFullName&Sequence_7",
        "EmailSequence&Sequence_7",
        "ExcelDumpFileName&Sequence_7",
        "ToUser&Sequence_7",
        "Cc1User&Sequence_7",
        "Bcc1User&Sequence_7",
        "Cc2User&Sequence_7",
        "CcExtraUser&Sequence_7",
        "RowIndex5&Sequence_7",
        "DataRowSet9&Sequence_7",
        "DTT14&Sequence_7",
        "DataRowSet10&Sequence_7",
        "DTT15&Sequence_7",
        "DTT16&Sequence_7",
        "DTT17&Sequence_7",
        "DTT18&Sequence_7",
        "NullBoolean&Sequence_7",
        "System160Error&Sequence_7",
        "DelayTime&Sequence_7",
        "DT_InputFile&Sequence_7",
        "DtUtrNoString&Sequence_7",
        "DTT11&Sequence_7",
        "String81&Sequence_7",
        "DTT112&Sequence_7",
        "ColumnValueReal&Sequence_7",
        "Cc3User&Sequence_7",
        "CcUser&Sequence_7",
        "ExcelSheetName&Sequence_7",
        "DTT113&Sequence_7",
        "SenderName&Sequence_7",
        "ExcelSheetNameArray&Sequence_7",
        "ExcelSheetNames&Sequence_7",
        "Count2&Sequence_7",
        "ArrayExcel&Sequence_7",
        "Count3&Sequence_7",
        "ArrayExcel1&Sequence_7",
        "item2&Sequence_7",
        "x&Sequence_7",
        "ProcessStringName&Sequence_7",
        "TypeNameList&Sequence_7",
        "TypeNameArray&Sequence_7",
        "OutputSheetName&Sequence_7",
        "TypeNameString&Sequence_7",
        "Difference&Sequence_7",
        "Count4&Sequence_7",
        "RecoExcelSheetName&Sequence_7",
        "RecoWorkingString&Sequence_7",
        "VendorName&Sequence_7",
        "VendorCode&Sequence_7",
        "CurrentExcelSheetName&Sequence_7",
        "OutputFileSheetName&Sequence_7",
        "DT_Invoice_T_Sum&Sequence_7",
        "DT_Payment_T_Sum&Sequence_7",
        "DT_Returns_V_Sum&Sequence_7",
        "variable1&Sequence_869",
        "ExcelSheetNames&Sequence_607",
        "Count2&Sequence_607",
        "DeleteCondition&Sequence_868",
        "DataSetUtr&Sequence_617",
        "TTT1&Sequence_618",
        "String82&Sequence_619",
        "StringArray1&Sequence_619",
        "Count1&Sequence_620",
        "ExcelSheetNames&Sequence_596",
        "Count2&Sequence_596",
        "DataSetUtr&Sequence_468",
        "TTT1&Sequence_516",
        "String82&Sequence_588",
        "StringArray1&Sequence_588",
        "Count1&Sequence_532",
        "C1&Sequence_125",
        "C2&Sequence_125",
        "dd_String&Sequence_125",
        "HighRowValue1&Sequence_175"
      ],
      "ArgumentsSectionElementsOrder": [
        "BotBasePath",
        "InputPath",
        "MailSubject",
        "OutPutPath",
        "ProcessStringMain",
        "PWD",
        "MailCheck",
        "BotRunProcess",
        "UserName",
        "FolderNamePath",
        "InPutStorageFilePath",
        "OutPutStorageFilePath"
      ],
      "ConstantsSectionElementsOrder": [],
      "AddedNamespaces": null
    },
    {
      "Path": "ZohoSheet.xaml",
      "SortBy": 0,
      "VariablesSectionElementsOrder": [
        "RecoC5Value&Sequence_7",
        "OutPutTextFileValueFiltered&Sequence_1092",
        "DT_TDS&Sequence_7",
        "DT_ExtraSheet&Sequence_7",
        "RecoTdsAmt&Sequence_7",
        "TDSadj&Sequence_7",
        "NetDrAmount&Sequence_7",
        "TotalCrDrAmount&Sequence_7",
        "CreditNotAccounted&Sequence_7",
        "OutputTextValue&Sequence_7",
        "MissMatchString&Sequence_7",
        "OutPutTextFileValue&Sequence_7",
        "TextFilePath&Sequence_7",
        "DT_OpTransaction_CR&Sequence_7",
        "DT_OpTransaction_DR&Sequence_7",
        "DeleteCondition&Sequence_1027",
        "DT_Zoho&Sequence_7",
        "DT_OpTransaction&Sequence_7",
        "DeleteCondition&Sequence_999",
        "ZohoExcelFileCounter&Sequence_7",
        "DataPath&Sequence_7",
        "LogString_OUT&Sequence_7",
        "LastSavedFileName&Sequence_7",
        "Count&Sequence_7",
        "LogString_IN&Sequence_7",
        "CollectInputExcelFile&Sequence_7",
        "PdfFileCounter&Sequence_7",
        "PdfPageCounter&Sequence_7",
        "CompanyCheck&Sequence_7",
        "FormatChecker&Sequence_7",
        "NoFormat&Sequence_7",
        "InputString&Sequence_7",
        "textPdfFileName&Sequence_7",
        "SourceFileName&Sequence_7",
        "CompanyString&Sequence_7",
        "String159&Sequence_7",
        "PdfPageCount&Sequence_7",
        "ProcessCounter&Sequence_7",
        "CompanyStringMain&Sequence_7",
        "CurrentFile&Sequence_7",
        "DocumentSource&Sequence_7",
        "item&Sequence_7",
        "PdfFileCounterADGLOBAL&Sequence_7",
        "PdfFileCounterAmazon&Sequence_7",
        "PdfFileCounterFIORA&Sequence_7",
        "PdfFileCounterMAX&Sequence_7",
        "PdfFileCounterMORE&Sequence_7",
        "PdfFileCounterMetro&Sequence_7",
        "PdfFileCounterSpencer&Sequence_7",
        "PdfFileCounterTrent&Sequence_7",
        "NoFormatFileCounterMain&Sequence_7",
        "NoFormatFileCounter&Sequence_7",
        "ProcessStringArrayList&Sequence_7",
        "ProcessStringArray&Sequence_7",
        "TempName&Sequence_7",
        "FileName&Sequence_7",
        "srtOutput&Sequence_7",
        "DT_Reco&Sequence_7",
        "DT_Returns_V&Sequence_7",
        "DT_Payment_T&Sequence_7",
        "TotalPdfPages&Sequence_7",
        "PdfPageCounterAvenueSupermartPayment&Sequence_7",
        "DN_Process_Time&Sequence_7",
        "PdfFileName&Sequence_7",
        "DtString&Sequence_7",
        "TotalPdfFiles&Sequence_7",
        "DT_Payment_V&Sequence_7",
        "DT_Invoice_T&Sequence_7",
        "Amount&Sequence_7",
        "UtrNo&Sequence_7",
        "ColumnIndex2&Sequence_7",
        "ColumnIndex1&Sequence_7",
        "RowIndex1&Sequence_7",
        "ColumnABCD&Sequence_7",
        "ColumnABCDE&Sequence_7",
        "RowValue&Sequence_7",
        "ColumnValue&Sequence_7",
        "DataRowSet1&Sequence_7",
        "DataRowSet2&Sequence_7",
        "RowIndex2&Sequence_7",
        "RowIndex3&Sequence_7",
        "DTT2&Sequence_7",
        "DTT3&Sequence_7",
        "DTT4&Sequence_7",
        "DataRowSet3&Sequence_7",
        "DTT5&Sequence_7",
        "DTT6&Sequence_7",
        "DTT7&Sequence_7",
        "DT_UtrNo&Sequence_7",
        "DT_Invoice_V&Sequence_7",
        "DTT111&Sequence_7",
        "DTT12&Sequence_7",
        "StringBoolean1&Sequence_7",
        "RowIndex4&Sequence_7",
        "DataRowSet4&Sequence_7",
        "DTT8&Sequence_7",
        "DTT13&Sequence_7",
        "DTT9&Sequence_7",
        "DTT10&Sequence_7",
        "DataRowSet5&Sequence_7",
        "DTT31&Sequence_7",
        "DtValue1&Sequence_7",
        "DtValue2&Sequence_7",
        "DataRowSet6&Sequence_7",
        "PdfFileCounterReliancePaymentAdvice&Sequence_7",
        "DataRowSet0&Sequence_7",
        "InputExcelPath&Sequence_7",
        "ExcelFileName&Sequence_7",
        "CollectExcelFile&Sequence_7",
        "CollectOutputExcelFile&Sequence_7",
        "DataRowSet7&Sequence_7",
        "HighRowValue&Sequence_7",
        "PdfFullName&Sequence_7",
        "EmailSequence&Sequence_7",
        "ExcelDumpFileName&Sequence_7",
        "ToUser&Sequence_7",
        "Cc1User&Sequence_7",
        "Bcc1User&Sequence_7",
        "Cc2User&Sequence_7",
        "CcExtraUser&Sequence_7",
        "RowIndex5&Sequence_7",
        "DataRowSet9&Sequence_7",
        "DTT14&Sequence_7",
        "DataRowSet10&Sequence_7",
        "DTT15&Sequence_7",
        "DTT16&Sequence_7",
        "DTT17&Sequence_7",
        "DTT18&Sequence_7",
        "NullBoolean&Sequence_7",
        "System160Error&Sequence_7",
        "DelayTime&Sequence_7",
        "DtUtrNoString&Sequence_7",
        "DTT11&Sequence_7",
        "String81&Sequence_7",
        "DTT112&Sequence_7",
        "ColumnValueReal&Sequence_7",
        "Cc3User&Sequence_7",
        "CcUser&Sequence_7",
        "ExcelSheetName&Sequence_7",
        "DTT113&Sequence_7",
        "SenderName&Sequence_7",
        "ExcelSheetNameArray&Sequence_7",
        "ExcelSheetNames&Sequence_7",
        "Count2&Sequence_7",
        "ArrayExcel&Sequence_7",
        "Count3&Sequence_7",
        "ArrayExcel1&Sequence_7",
        "item2&Sequence_7",
        "x&Sequence_7",
        "ProcessStringName&Sequence_7",
        "TypeNameList&Sequence_7",
        "TypeNameArray&Sequence_7",
        "OutputSheetName&Sequence_7",
        "TypeNameString&Sequence_7",
        "Difference&Sequence_7",
        "Count4&Sequence_7",
        "RecoExcelSheetName&Sequence_7",
        "RecoWorkingString&Sequence_7",
        "VendorName&Sequence_7",
        "VendorCode&Sequence_7",
        "CurrentExcelSheetName&Sequence_7",
        "OutputFileSheetName&Sequence_7",
        "DT_Invoice_T_Sum&Sequence_7",
        "DT_Payment_T_Sum&Sequence_7",
        "DT_Returns_V_Sum&Sequence_7"
      ],
      "ArgumentsSectionElementsOrder": [
        "BotBasePath",
        "InputPath",
        "MailSubject",
        "OutPutPath",
        "ProcessStringMain",
        "PWD",
        "MailCheck",
        "BotRunProcess",
        "UserName",
        "FolderNamePath",
        "InPutStorageFilePath",
        "OutPutStorageFilePath"
      ],
      "ConstantsSectionElementsOrder": [],
      "AddedNamespaces": null
    }
  ]
}